fid,UTCTime,Path,shot_id,VERDADEIRO,shot_valid,score,score_direction,score_continuity,seg_type,azimuth_instant,azimuth_mean,delta_azimuth,delta_time,delta_distance,velocity_instant
1,2026-04-06T16:47:53.880421,G:\DCIM\DJI_202604061335_001_B01\DJI_20260406134735_0001_D.JPG,1,11,1,0,0,0,faixa,0.00000000,0.00000000,0.00000000,0.00000000,0.00000000,0.00000000
2,2026-04-06T16:48:00.897821,G:\DCIM\DJI_202604061335_001_B01\DJI_20260406134742_0002_D.JPG,1,11,1,2,0,2,faixa,168.56107633,168.56107633,0.00000000,7.01740003,49.50352433,7.05439681
3,2026-04-06T16:48:04.228327,G:\DCIM\DJI_202604061335_001_B01\DJI_20260406134746_0003_D.JPG,1,11,1,0,0,0,faixa,168.73351315,168.56107633,0.17243682,3.33050609,46.89616417,14.08079221
4,2026-04-06T16:48:07.727250,G:\DCIM\DJI_202604061335_001_B01\DJI_20260406134749_0004_D.JPG,1,11,1,0,0,0,faixa,174.34274863,168.64729474,5.69545390,3.49892306,46.10286412,13.17630119
5,2026-04-06T16:48:11.617549,G:\DCIM\DJI_202604061335_001_B01\DJI_20260406134753_0005_D.JPG,1,0,1,0,0,0,faixa,210.77759845,170.54508544,40.23251301,3.89029884,46.89614030,12.05463698
6,2026-04-06T16:48:14.880331,G:\DCIM\DJI_202604061335_001_B01\DJI_20260406134756_0006_D.JPG,1,0,1,0,0,0,faixa,212.19919961,180.29185479,31.90734482,3.26278210,47.96349627,14.70018372
7,2026-04-06T16:48:20.965224,G:\DCIM\DJI_202604061335_001_B01\DJI_20260406134802_0007_D.JPG,1,10,1,2,1,1,faixa,237.29578728,186.75715842,50.53862886,6.08489299,28.82404606,4.73698488
8,2026-04-06T16:48:25.375376,G:\DCIM\DJI_202604061335_001_B01\DJI_20260406134807_0008_D.JPG,0,10,0,3,3,0,faixa,348.38182749,194.99989067,153.38193682,4.41015196,46.14706485,10.46382648
9,2026-04-06T16:48:28.697743,G:\DCIM\DJI_202604061335_001_B01\DJI_20260406134810_0009_D.JPG,0,10,0,3,3,0,faixa,348.64635967,200.69693366,147.94942601,3.32236695,47.46713396,14.28714366
10,2026-04-06T16:48:31.860779,G:\DCIM\DJI_202604061335_001_B01\DJI_20260406134813_0010_D.JPG,0,10,0,3,3,0,faixa,348.82930334,208.93383980,139.89546354,3.16303611,47.37913750,14.97900621
11,2026-04-06T16:48:35.020577,G:\DCIM\DJI_202604061335_001_B01\DJI_20260406134816_0011_D.JPG,5,10,1,3,3,0,faixa,348.73815173,221.29592541,127.44222632,3.15979791,47.02281461,14.88158926
12,2026-04-06T16:48:38.208130,G:\DCIM\DJI_202604061335_001_B01\DJI_20260406134820_0012_D.JPG,5,10,1,3,3,0,faixa,348.77811232,239.59407282,109.18403950,3.18755293,47.55187059,14.91798619
13,2026-04-06T16:48:42.737803,G:\DCIM\DJI_202604061335_001_B01\DJI_20260406134824_0013_D.JPG,5,0,1,0,0,0,faixa,324.70829882,284.82134886,39.88694996,4.52967310,41.12050350,9.07802894
14,2026-04-06T16:48:46.742808,G:\DCIM\DJI_202604061335_001_B01\DJI_20260406134828_0014_D.JPG,5,0,1,0,0,0,faixa,283.42671324,306.51474786,23.08803462,4.00500512,47.78064042,11.93023204
15,2026-04-06T16:48:52.364826,G:\DCIM\DJI_202604061335_001_B01\DJI_20260406134834_0015_D.JPG,5,9,1,1,1,0,faixa,257.65171953,309.98445077,52.33273124,5.62201786,34.69684908,6.17160065
16,2026-04-06T16:48:56.897816,G:\DCIM\DJI_202604061335_001_B01\DJI_20260406134838_0016_D.JPG,0,9,0,3,3,0,faixa,168.88959352,311.69772715,142.80813362,4.53298998,47.19718455,10.41193225
17,2026-04-06T16:49:00.219777,G:\DCIM\DJI_202604061335_001_B01\DJI_20260406134842_0017_D.JPG,0,9,0,3,3,0,faixa,168.85002095,315.39480594,146.54478499,3.32196116,47.68912417,14.35571393
18,2026-04-06T16:49:03.382407,G:\DCIM\DJI_202604061335_001_B01\DJI_20260406134845_0018_D.JPG,0,9,0,3,3,0,faixa,168.81613758,320.39740126,151.58126368,3.16262984,47.30121563,14.95629207
19,2026-04-06T16:49:06.515878,G:\DCIM\DJI_202604061335_001_B01\DJI_20260406134848_0019_D.JPG,0,9,0,3,3,0,faixa,168.82332563,303.62891518,134.80558955,3.13347101,46.80081198,14.93577308
20,2026-04-06T16:49:09.697574,G:\DCIM\DJI_202604061335_001_B01\DJI_20260406134851_0020_D.JPG,10,9,1,3,3,0,faixa,168.77899980,266.39651084,97.61751104,3.18169594,47.35672456,14.88411384
21,2026-04-06T16:49:12.885577,G:\DCIM\DJI_202604061335_001_B01\DJI_20260406134854_0021_D.JPG,10,9,1,1,1,0,faixa,168.79952565,222.73628883,53.93676318,3.18800306,47.55632319,14.91727651
22,2026-04-06T16:49:16.044882,G:\DCIM\DJI_202604061335_001_B01\DJI_20260406134857_0022_D.JPG,10,9,1,0,0,0,faixa,168.82848574,200.95748919,32.12900345,3.15930510,47.21021697,14.94322819
23,2026-04-06T16:49:19.201833,G:\DCIM\DJI_202604061335_001_B01\DJI_20260406134901_0023_D.JPG,10,9,1,0,0,0,faixa,168.79352942,190.98326742,22.18973800,3.15695095,47.07036953,14.91007313
24,2026-04-06T16:49:22.932394,G:\DCIM\DJI_202604061335_001_B01\DJI_20260406134904_0024_D.JPG,10,0,1,0,0,0,faixa,181.07542060,182.91524401,1.83982341,3.73056102,44.96943748,12.05433640
25,2026-04-06T16:49:26.663422,G:\DCIM\DJI_202604061335_001_B01\DJI_20260406134908_0025_D.JPG,10,0,1,0,0,0,faixa,211.70199623,176.49424362,35.20775262,3.73102808,47.41160503,12.70738360
26,2026-04-06T16:49:29.865207,G:\DCIM\DJI_202604061335_001_B01\DJI_20260406134911_0026_D.JPG,10,0,1,0,0,0,faixa,212.16987713,174.07516433,38.09471280,3.20178485,47.60326133,14.86772646
27,2026-04-06T16:49:36.204999,G:\DCIM\DJI_202604061335_001_B01\DJI_20260406134917_0027_D.JPG,0,8,0,4,3,1,faixa,266.44360394,178.31470881,88.12889513,6.33979201,21.32332176,3.36341030
28,2026-04-06T16:49:40.327348,G:\DCIM\DJI_202604061335_001_B01\DJI_20260406134922_0028_D.JPG,0,8,0,3,3,0,faixa,348.58744430,186.00937033,162.57807397,4.12234902,47.81732665,11.59953376
29,2026-04-06T16:49:43.585167,G:\DCIM\DJI_202604061335_001_B01\DJI_20260406134925_0029_D.JPG,0,8,0,3,3,0,faixa,348.72903303,191.02226109,157.70677195,3.25781894,47.50563911,14.58203787
30,2026-04-06T16:49:46.747343,G:\DCIM\DJI_202604061335_001_B01\DJI_20260406134928_0030_D.JPG,0,8,0,3,3,0,faixa,348.81818458,199.70481099,149.11337360,3.16217613,47.22424590,14.93409726
31,2026-04-06T16:49:49.901328,G:\DCIM\DJI_202604061335_001_B01\DJI_20260406134931_0031_D.JPG,0,8,0,3,3,0,faixa,348.75026990,216.99735704,131.75291286,3.15398502,47.05018916,14.91769581
32,2026-04-06T16:49:53.087612,G:\DCIM\DJI_202604061335_001_B01\DJI_20260406134934_0032_D.JPG,16,8,1,3,3,0,faixa,348.66942304,252.08127152,96.58815151,3.18628383,47.54007331,14.92022553
33,2026-04-06T16:49:56.244731,G:\DCIM\DJI_202604061335_001_B01\DJI_20260406134938_0033_D.JPG,16,8,1,1,1,0,faixa,348.87265283,292.13762394,56.73502890,3.15711904,47.01730750,14.89247221
34,2026-04-06T16:49:59.378185,G:\DCIM\DJI_202604061335_001_B01\DJI_20260406134941_0034_D.JPG,16,8,1,0,0,0,faixa,348.73108058,313.91003055,34.82105003,3.13345408,46.64853151,14.88725549
35,2026-04-06T16:50:02.559830,G:\DCIM\DJI_202604061335_001_B01\DJI_20260406134944_0035_D.JPG,16,8,1,0,0,0,faixa,348.82580573,326.16032300,22.66548273,3.18164492,47.41012278,14.90113574
36,2026-04-06T16:50:05.736475,G:\DCIM\DJI_202604061335_001_B01\DJI_20260406134947_0036_D.JPG,16,8,1,0,0,0,faixa,348.81127218,335.98185773,12.82941444,3.17664504,47.35496087,14.90722453
37,2026-04-06T16:50:08.899912,G:\DCIM\DJI_202604061335_001_B01\DJI_20260406134950_0037_D.JPG,16,8,1,0,0,0,faixa,348.82009834,342.56268202,6.25741632,3.16343713,47.19802962,14.91985701
38,2026-04-06T16:50:12.068816,G:\DCIM\DJI_202604061335_001_B01\DJI_20260406134953_0038_D.JPG,16,8,1,0,0,0,faixa,348.77725007,348.76152647,0.01572360,3.16890383,47.30966827,14.92934808
39,2026-04-06T16:50:16.728762,G:\DCIM\DJI_202604061335_001_B01\DJI_20260406134958_0039_D.JPG,16,0,1,0,0,0,faixa,320.91249531,348.78050703,27.86801172,4.65994596,40.90657454,8.77833667
40,2026-04-06T16:50:20.917115,G:\DCIM\DJI_202604061335_001_B01\DJI_20260406135002_0040_D.JPG,16,0,1,2,1,1,faixa,283.37225849,346.07808187,62.70582338,4.18835306,51.70186277,12.34419878
41,2026-04-06T16:50:26.642815,G:\DCIM\DJI_202604061335_001_B01\DJI_20260406135008_0041_D.JPG,0,7,0,3,3,0,faixa,244.44357975,340.36144579,95.91786604,5.72570014,29.82491761,5.20895556
42,2026-04-06T16:50:30.781680,G:\DCIM\DJI_202604061335_001_B01\DJI_20260406135012_0042_D.JPG,0,7,0,3,3,0,faixa,168.85361510,332.54548546,163.69187036,4.13886499,45.80553112,11.06717208
43,2026-04-06T16:50:34.063581,G:\DCIM\DJI_202604061335_001_B01\DJI_20260406135015_0043_D.JPG,0,7,0,3,3,0,faixa,168.75144122,327.60908727,158.85764604,3.28190088,47.36677424,14.43272540
44,2026-04-06T16:50:37.229423,G:\DCIM\DJI_202604061335_001_B01\DJI_20260406135019_0044_D.JPG,0,7,0,3,3,0,faixa,168.89674227,318.72205444,149.82531217,3.16584206,47.42816138,14.98121528
45,2026-04-06T16:50:40.688757,G:\DCIM\DJI_202604061335_001_B01\DJI_20260406135022_0045_D.JPG,0,7,0,4,3,1,faixa,168.75288417,299.95860535,131.20572118,3.45933390,51.61858340,14.92153835
46,2026-04-06T16:50:43.609683,G:\DCIM\DJI_202604061335_001_B01\DJI_20260406135025_0046_D.JPG,22,7,1,3,3,0,faixa,168.85914169,260.06345069,91.20430900,2.92092609,43.57349204,14.91769755
47,2026-04-06T16:50:46.714469,G:\DCIM\DJI_202604061335_001_B01\DJI_20260406135028_0047_D.JPG,22,7,1,1,1,0,faixa,168.74591815,219.11572315,50.36980499,3.10478592,46.26741776,14.90196714
48,2026-04-06T16:50:50.171055,G:\DCIM\DJI_202604061335_001_B01\DJI_20260406135031_0048_D.JPG,22,7,1,1,0,1,faixa,168.76064630,199.53316529,30.77251900,3.45658612,51.57438996,14.92061477
49,2026-04-06T16:50:53.328171,G:\DCIM\DJI_202604061335_001_B01\DJI_20260406135035_0049_D.JPG,22,7,1,0,0,0,faixa,168.73095558,190.32691190,21.59595632,3.15711594,47.09497819,14.91708862
50,2026-04-06T16:50:56.496168,G:\DCIM\DJI_202604061335_001_B01\DJI_20260406135038_0050_D.JPG,22,7,1,0,0,0,faixa,168.83023832,182.27950785,13.44926954,3.16799688,47.24036598,14.91174635
51,2026-04-06T16:50:59.381540,G:\DCIM\DJI_202604061335_001_B01\DJI_20260406135041_0051_D.JPG,22,7,1,0,0,0,faixa,168.75947346,174.77825791,6.01878445,2.88537216,42.95909848,14.88858146
52,2026-04-06T16:51:02.546340,G:\DCIM\DJI_202604061335_001_B01\DJI_20260406135044_0052_D.JPG,22,7,1,0,0,0,faixa,168.70298629,168.79410562,0.09111933,3.16479993,47.12086496,14.88905018
53,2026-04-06T16:51:05.977308,G:\DCIM\DJI_202604061335_001_B01\DJI_20260406135047_0053_D.JPG,22,7,1,1,0,1,faixa,168.72356872,168.77904274,0.05547402,3.43096805,51.17500032,14.91561554
54,2026-04-06T16:51:09.166277,G:\DCIM\DJI_202604061335_001_B01\DJI_20260406135050_0054_D.JPG,22,7,1,0,0,0,faixa,168.76682598,168.77625548,0.00942951,3.18896890,47.58410371,14.92146999
55,2026-04-06T16:51:12.333340,G:\DCIM\DJI_202604061335_001_B01\DJI_20260406135054_0055_D.JPG,22,7,1,0,0,0,faixa,168.86068264,168.76326386,0.09741878,3.16706300,47.18482961,14.89860784
56,2026-04-06T16:51:17.164892,G:\DCIM\DJI_202604061335_001_B01\DJI_20260406135058_0056_D.JPG,22,0,1,0,0,0,faixa,193.93850743,168.77404371,25.16446373,4.83155203,32.21702222,6.66804829
57,2026-04-06T16:51:21.883505,G:\DCIM\DJI_202604061335_001_B01\DJI_20260406135103_0057_D.JPG,0,0,0,4,3,1,faixa,275.62984830,171.22362380,104.40622450,4.71861315,48.31791865,10.23985589
58,2026-04-06T16:51:26.484237,G:\DCIM\DJI_202604061335_001_B01\DJI_20260406135108_0058_D.JPG,0,6,0,3,3,0,faixa,292.79737074,177.88274495,114.91462579,4.60073185,42.38389303,9.21242411
59,2026-04-06T16:51:30.779599,G:\DCIM\DJI_202604061335_001_B01\DJI_20260406135112_0059_D.JPG,0,6,0,3,3,0,faixa,348.19605529,186.16824565,162.02780964,4.29536200,47.17571119,10.98294189
60,2026-04-06T16:51:34.085086,G:\DCIM\DJI_202604061335_001_B01\DJI_20260406135115_0060_D.JPG,0,6,0,3,3,0,faixa,348.70779276,192.49182636,156.21596640,3.30548716,47.66013505,14.41849047
61,2026-04-06T16:51:37.242251,G:\DCIM\DJI_202604061335_001_B01\DJI_20260406135119_0061_D.JPG,0,6,0,3,3,0,faixa,348.88236988,204.78954666,144.09282322,3.15716481,47.16112733,14.93780976
62,2026-04-06T16:51:40.408037,G:\DCIM\DJI_202604061335_001_B01\DJI_20260406135122_0062_D.JPG,0,6,0,3,3,0,faixa,348.78844482,233.33899944,115.44944538,3.16578603,47.35633679,14.95879266
63,2026-04-06T16:51:43.562928,G:\DCIM\DJI_202604061335_001_B01\DJI_20260406135125_0063_D.JPG,29,6,1,3,3,0,faixa,348.74157705,281.81190032,66.92967673,3.15489101,47.03127948,14.90741812
64,2026-04-06T16:51:46.724647,G:\DCIM\DJI_202604061335_001_B01\DJI_20260406135128_0064_D.JPG,29,6,1,0,0,0,faixa,348.75565737,311.73196140,37.02369597,3.16171908,47.16318395,14.91694319
65,2026-04-06T16:51:49.912704,G:\DCIM\DJI_202604061335_001_B01\DJI_20260406135131_0065_D.JPG,29,6,1,0,0,0,faixa,348.75770996,324.56934362,24.18836634,3.18805695,47.56866667,14.92089617
66,2026-04-06T16:51:53.071249,G:\DCIM\DJI_202604061335_001_B01\DJI_20260406135134_0066_D.JPG,29,6,1,0,0,0,faixa,348.74323746,331.03574903,17.70748843,3.15854502,46.96450820,14.86903240
67,2026-04-06T16:51:56.224309,G:\DCIM\DJI_202604061335_001_B01\DJI_20260406135138_0067_D.JPG,29,6,1,0,0,0,faixa,348.86409629,337.29754313,11.56655316,3.15305996,47.04457139,14.92029076
68,2026-04-06T16:51:59.381882,G:\DCIM\DJI_202604061335_001_B01\DJI_20260406135141_0068_D.JPG,29,6,1,0,0,0,faixa,348.89913776,343.76390457,5.13523318,3.15757298,47.12244079,14.92362679
69,2026-04-06T16:52:02.544422,G:\DCIM\DJI_202604061335_001_B01\DJI_20260406135144_0069_D.JPG,29,6,1,0,0,0,faixa,348.66342679,348.73360860,0.07018181,3.16253996,47.09902729,14.89278488
70,2026-04-06T16:52:05.735178,G:\DCIM\DJI_202604061335_001_B01\DJI_20260406135147_0070_D.JPG,29,6,1,0,0,0,faixa,348.81286603,348.78034501,0.03252102,3.19075608,47.54968490,14.90232524
71,2026-04-06T16:52:08.879537,G:\DCIM\DJI_202604061335_001_B01\DJI_20260406135150_0071_D.JPG,29,6,1,0,0,0,faixa,348.81232007,348.79085234,0.02146773,3.14435911,46.94906169,14.93120220
72,2026-04-06T16:52:12.024260,G:\DCIM\DJI_202604061335_001_B01\DJI_20260406135153_0072_D.JPG,29,6,1,0,0,0,faixa,348.78546236,348.78384736,0.00161500,3.14472294,46.88342630,14.90860315
73,2026-04-06T16:52:15.609507,G:\DCIM\DJI_202604061335_001_B01\DJI_20260406135157_0073_D.JPG,29,6,1,1,0,1,faixa,347.85888135,348.78354911,0.92466776,3.58524704,49.62028836,13.84013090
74,2026-04-06T16:52:20.331744,G:\DCIM\DJI_202604061335_001_B01\DJI_20260406135202_0074_D.JPG,29,0,1,1,1,0,faixa,293.39581965,348.69528242,55.29946277,4.72223687,42.09331223,8.91385023
75,2026-04-06T16:52:24.187463,G:\DCIM\DJI_202604061335_001_B01\DJI_20260406135205_0075_D.JPG,29,0,1,2,1,1,faixa,282.60291603,343.77848702,61.17557099,3.85571909,50.82400761,13.18146017
76,2026-04-06T16:52:30.549034,G:\DCIM\DJI_202604061335_001_B01\DJI_20260406135212_0076_D.JPG,0,5,0,4,3,1,faixa,190.69476607,337.73201386,147.03724779,6.36157107,35.28334929,5.54632635
77,2026-04-06T16:52:34.311090,G:\DCIM\DJI_202604061335_001_B01\DJI_20260406135216_0077_D.JPG,0,5,0,4,3,1,faixa,168.71484266,331.99794014,163.28309748,3.76205587,49.14155579,13.06242051
78,2026-04-06T16:52:37.218913,G:\DCIM\DJI_202604061335_001_B01\DJI_20260406135219_0078_D.JPG,0,5,0,3,3,0,faixa,168.89743721,325.93833693,157.04089972,2.90782309,43.43496594,14.93727942
79,2026-04-06T16:52:40.383863,G:\DCIM\DJI_202604061335_001_B01\DJI_20260406135222_0079_D.JPG,0,5,0,3,3,0,faixa,168.79469755,313.81432339,145.01962584,3.16494989,47.25729211,14.93145032
80,2026-04-06T16:52:43.521872,G:\DCIM\DJI_202604061335_001_B01\DJI_20260406135225_0080_D.JPG,0,5,0,3,3,0,faixa,168.80734951,284.92561782,116.11826831,3.13800907,46.82023374,14.92036278
81,2026-04-06T16:52:46.717232,G:\DCIM\DJI_202604061335_001_B01\DJI_20260406135228_0081_D.JPG,35,5,1,3,3,0,faixa,168.78774712,234.59135802,65.80361090,3.19535995,47.69459653,14.92620467
82,2026-04-06T16:52:49.883931,G:\DCIM\DJI_202604061335_001_B01\DJI_20260406135231_0082_D.JPG,35,5,1,0,0,0,faixa,168.75354656,204.54065320,35.78710663,3.16669893,47.16578004,14.89430509
83,2026-04-06T16:52:53.015525,G:\DCIM\DJI_202604061335_001_B01\DJI_20260406135234_0083_D.JPG,35,5,1,0,0,0,faixa,168.72141327,192.02204028,23.30062701,3.13159418,46.76730734,14.93402550
84,2026-04-06T16:52:56.204443,G:\DCIM\DJI_202604061335_001_B01\DJI_20260406135238_0084_D.JPG,35,5,1,0,0,0,faixa,168.79396605,185.66478220,16.87081616,3.18891788,47.47042579,14.88606093
85,2026-04-06T16:52:59.652791,G:\DCIM\DJI_202604061335_001_B01\DJI_20260406135241_0085_D.JPG,35,5,1,1,0,1,faixa,168.69538097,177.37644314,8.68106217,3.44834805,51.43809663,14.91673577
86,2026-04-06T16:53:02.580981,G:\DCIM\DJI_202604061335_001_B01\DJI_20260406135244_0086_D.JPG,35,5,1,0,0,0,faixa,168.96838493,170.92759107,1.95920615,2.92818999,43.74574820,14.93951837
87,2026-04-06T16:53:05.707549,G:\DCIM\DJI_202604061335_001_B01\DJI_20260406135247_0087_D.JPG,35,5,1,0,0,0,faixa,168.82111188,168.79347656,0.02763532,3.12656808,46.64337268,14.91839343
88,2026-04-06T16:53:09.149968,G:\DCIM\DJI_202604061335_001_B01\DJI_20260406135250_0088_D.JPG,35,5,1,1,0,1,faixa,168.69467032,168.80410349,0.10943317,3.44241881,51.28262342,14.89726445
89,2026-04-06T16:53:12.383983,G:\DCIM\DJI_202604061335_001_B01\DJI_20260406135254_0089_D.JPG,35,5,1,0,0,0,faixa,169.17484970,168.78382679,0.39102290,3.23401499,45.77161016,14.15318430
90,2026-04-06T16:53:26.663616,G:\DCIM\DJI_202604061335_001_B01\DJI_20260406135308_0090_D.JPG,0,4,0,5,3,2,faixa,302.11889665,168.82184182,133.29705484,14.27963305,128.24672289,8.98109374
91,2026-04-06T16:53:30.698660,G:\DCIM\DJI_202604061335_001_B01\DJI_20260406135312_0091_D.JPG,0,4,0,3,3,0,faixa,346.31359095,173.82638035,172.48721060,4.03504395,46.80533602,11.59970908
92,2026-04-06T16:53:33.960514,G:\DCIM\DJI_202604061335_001_B01\DJI_20260406135315_0092_D.JPG,0,4,0,3,3,0,faixa,348.70451950,175.79517502,172.90934448,3.26185417,47.27959128,14.49469804
93,2026-04-06T16:53:37.147721,G:\DCIM\DJI_202604061335_001_B01\DJI_20260406135318_0093_D.JPG,0,4,0,3,3,0,faixa,348.80951905,179.01207706,169.79744199,3.18720698,47.52992621,14.91272028
94,2026-04-06T16:53:40.302174,G:\DCIM\DJI_202604061335_001_B01\DJI_20260406135322_0094_D.JPG,0,4,0,3,3,0,faixa,348.78096055,187.38831315,161.39264741,3.15445304,46.88187540,14.86212501
95,2026-04-06T16:53:43.470254,G:\DCIM\DJI_202604061335_001_B01\DJI_20260406135325_0095_D.JPG,41,4,1,3,3,0,faixa,348.78755046,236.79111919,111.99643126,3.16807985,47.15360111,14.88396862
96,2026-04-06T16:53:46.616932,G:\DCIM\DJI_202604061335_001_B01\DJI_20260406135328_0096_D.JPG,41,4,1,0,0,0,faixa,348.77626801,323.93433677,24.84193124,3.14667797,46.83978736,14.88547217
97,2026-04-06T16:53:49.805873,G:\DCIM\DJI_202604061335_001_B01\DJI_20260406135331_0097_D.JPG,41,4,1,0,0,0,faixa,348.77133882,336.87194162,11.89939720,3.18894100,47.54055563,14.90794455
98,2026-04-06T16:53:52.963022,G:\DCIM\DJI_202604061335_001_B01\DJI_20260406135334_0098_D.JPG,41,4,1,0,0,0,faixa,348.75234839,341.00168019,7.75066820,3.15714908,47.07579158,14.91085484
99,2026-04-06T16:53:56.126935,G:\DCIM\DJI_202604061335_001_B01\DJI_20260406135337_0099_D.JPG,41,4,1,0,0,0,faixa,348.78846347,342.99528039,5.79318309,3.16391301,47.09485028,14.88500161
100,2026-04-06T16:53:59.298101,G:\DCIM\DJI_202604061335_001_B01\DJI_20260406135341_0100_D.JPG,41,4,1,0,0,0,faixa,348.74791866,344.22539037,4.52252829,3.17116594,47.24446473,14.89813702
101,2026-04-06T16:54:02.460632,G:\DCIM\DJI_202604061335_001_B01\DJI_20260406135344_0101_D.JPG,41,4,1,0,0,0,faixa,348.77440348,348.52330186,0.25110162,3.16253114,47.13879182,14.90540006
102,2026-04-06T16:54:05.643584,G:\DCIM\DJI_202604061335_001_B01\DJI_20260406135347_0102_D.JPG,41,4,1,0,0,0,faixa,348.79509060,348.76932904,0.02576155,3.18295193,47.43531505,14.90293166
103,2026-04-06T16:54:08.805071,G:\DCIM\DJI_202604061335_001_B01\DJI_20260406135350_0103_D.JPG,41,4,1,0,0,0,faixa,348.80075535,348.77838615,0.02236920,3.16148710,47.14024278,14.91078130
104,2026-04-06T16:54:11.942093,G:\DCIM\DJI_202604061335_001_B01\DJI_20260406135353_0104_D.JPG,41,4,1,0,0,0,faixa,348.79056488,348.77750978,0.01305510,3.13702178,46.72820847,14.89572332
105,2026-04-06T16:54:15.439624,G:\DCIM\DJI_202604061335_001_B01\DJI_20260406135357_0105_D.JPG,41,4,1,1,0,1,faixa,347.96984064,348.77847021,0.80862957,3.49753118,51.15901666,14.62717960
106,2026-04-06T16:54:18.898926,G:\DCIM\DJI_202604061335_001_B01\DJI_20260406135400_0106_D.JPG,41,0,1,0,0,0,faixa,319.76130471,348.69670115,28.93539644,3.45930195,42.75866198,12.36048851
107,2026-04-06T16:54:22.159352,G:\DCIM\DJI_202604061335_001_B01\DJI_20260406135403_0107_D.JPG,41,0,1,0,0,0,faixa,313.75248790,345.88373567,32.13124776,3.26042604,47.73446317,14.64056001
108,2026-04-06T16:54:25.582716,G:\DCIM\DJI_202604061335_001_B01\DJI_20260406135407_0108_D.JPG,41,0,1,1,0,1,faixa,313.63889391,342.46106104,28.82216714,3.42336392,51.43426865,15.02448171
109,2026-04-06T16:54:31.704356,G:\DCIM\DJI_202604061335_001_B01\DJI_20260406135413_0109_D.JPG,0,3,0,4,3,1,faixa,258.83378209,338.94686209,80.11308000,6.12163997,16.90337254,2.76124905
110,2026-04-06T16:54:35.909156,G:\DCIM\DJI_202604061335_001_B01\DJI_20260406135417_0110_D.JPG,0,3,0,4,3,1,faixa,168.70585484,331.49547885,162.78962401,4.20480013,48.00208863,11.41602149
111,2026-04-06T16:54:39.180117,G:\DCIM\DJI_202604061335_001_B01\DJI_20260406135421_0111_D.JPG,0,3,0,3,3,0,faixa,168.75664769,326.66055211,157.90390443,3.27096081,47.58125323,14.54656782
112,2026-04-06T16:54:42.341819,G:\DCIM\DJI_202604061335_001_B01\DJI_20260406135424_0112_D.JPG,0,3,0,3,3,0,faixa,168.80468312,318.38793975,149.58325664,3.16170216,47.25909145,14.94735719
113,2026-04-06T16:54:45.499990,G:\DCIM\DJI_202604061335_001_B01\DJI_20260406135427_0113_D.JPG,0,3,0,3,3,0,faixa,168.72223631,302.28029607,133.55805975,3.15817094,47.11554878,14.91861894
114,2026-04-06T16:54:48.684499,G:\DCIM\DJI_202604061335_001_B01\DJI_20260406135430_0114_D.JPG,47,3,1,3,3,0,faixa,168.79230828,269.72825722,100.93594894,3.18450904,47.38954944,14.88127333
115,2026-04-06T16:54:51.818981,G:\DCIM\DJI_202604061335_001_B01\DJI_20260406135433_0115_D.JPG,47,3,1,1,1,0,faixa,168.83564440,229.43378784,60.59814345,3.13448191,46.76620093,14.91991414
116,2026-04-06T16:54:55.000221,G:\DCIM\DJI_202604061335_001_B01\DJI_20260406135436_0116_D.JPG,47,3,1,0,0,0,faixa,168.83008036,205.83421835,37.00413799,3.18124008,47.38239975,14.89431748
117,2026-04-06T16:54:58.182412,G:\DCIM\DJI_202604061335_001_B01\DJI_20260406135440_0117_D.JPG,47,3,1,0,0,0,faixa,168.75433308,190.62159660,21.86726352,3.18219090,47.36180229,14.88339445
118,2026-04-06T16:55:01.342282,G:\DCIM\DJI_202604061335_001_B01\DJI_20260406135443_0118_D.JPG,47,3,1,0,0,0,faixa,168.71855740,181.14962048,12.43106308,3.15987015,47.09470971,14.90400159
119,2026-04-06T16:55:04.481686,G:\DCIM\DJI_202604061335_001_B01\DJI_20260406135446_0119_D.JPG,47,3,1,0,0,0,faixa,168.83115719,175.10990803,6.27875084,3.13940406,46.84466119,14.92151387
120,2026-04-06T16:55:07.681129,G:\DCIM\DJI_202604061335_001_B01\DJI_20260406135449_0120_D.JPG,47,3,1,0,0,0,faixa,168.83808733,168.77515027,0.06293706,3.19944286,47.67299925,14.90040650
121,2026-04-06T16:55:10.839144,G:\DCIM\DJI_202604061335_001_B01\DJI_20260406135452_0121_D.JPG,47,3,1,0,0,0,faixa,168.76857114,168.78837352,0.01980238,3.15801501,47.00106761,14.88310455
122,2026-04-06T16:55:14.014443,G:\DCIM\DJI_202604061335_001_B01\DJI_20260406135455_0122_D.JPG,47,3,1,0,0,0,faixa,168.76694921,168.78956586,0.02261666,3.17529893,47.34625039,14.91080098
123,2026-04-06T16:55:17.181566,G:\DCIM\DJI_202604061335_001_B01\DJI_20260406135459_0123_D.JPG,47,3,1,0,0,0,faixa,168.78841890,168.78579247,0.00262643,3.16712308,47.24250527,14.91653595
124,2026-04-06T16:55:20.322204,G:\DCIM\DJI_202604061335_001_B01\DJI_20260406135502_0124_D.JPG,47,3,1,0,0,0,faixa,168.73101625,168.79241073,0.06139448,3.14063811,46.72181540,14.87653583
125,2026-04-06T16:55:26.462137,G:\DCIM\DJI_202604061335_001_B01\DJI_20260406135508_0125_D.JPG,47,0,1,1,0,1,faixa,203.93749971,168.78628153,35.15121818,6.13993287,26.46596136,4.31046429
126,2026-04-06T16:55:30.783468,G:\DCIM\DJI_202604061335_001_B01\DJI_20260406135512_0126_D.JPG,0,0,0,3,3,0,faixa,301.54174669,172.13742886,129.40431783,4.32133102,47.89687331,11.08382418
127,2026-04-06T16:55:34.079353,G:\DCIM\DJI_202604061335_001_B01\DJI_20260406135515_0127_D.JPG,0,0,0,3,3,0,faixa,301.79169889,177.91887894,123.87281995,3.29588509,47.32482343,14.35876015
128,2026-04-06T16:55:38.366100,G:\DCIM\DJI_202604061335_001_B01\DJI_20260406135520_0128_D.JPG,0,2,0,3,3,0,faixa,334.99027112,186.32200552,148.66826560,4.28674698,44.78369816,10.44701224
129,2026-04-06T16:55:41.800432,G:\DCIM\DJI_202604061335_001_B01\DJI_20260406135523_0129_D.JPG,0,2,0,3,3,0,faixa,348.59573373,195.72909471,152.86663902,3.43433189,47.40994000,13.80470539
130,2026-04-06T16:55:44.962572,G:\DCIM\DJI_202604061335_001_B01\DJI_20260406135526_0130_D.JPG,0,2,0,3,3,0,faixa,348.83059832,211.34658990,137.48400842,3.16214013,47.38456441,14.98496665
131,2026-04-06T16:55:48.151077,G:\DCIM\DJI_202604061335_001_B01\DJI_20260406135529_0131_D.JPG,53,2,1,3,3,0,faixa,348.77898489,246.76782730,102.01115759,3.18850493,47.50438642,14.89863977
132,2026-04-06T16:55:51.306835,G:\DCIM\DJI_202604061335_001_B01\DJI_20260406135533_0132_D.JPG,53,2,1,1,1,0,faixa,348.77023251,292.36618042,56.40405210,3.15575790,46.95684505,14.87973618
133,2026-04-06T16:55:54.462580,G:\DCIM\DJI_202604061335_001_B01\DJI_20260406135536_0133_D.JPG,53,2,1,0,0,0,faixa,348.78121232,315.79233496,32.98887736,3.15574503,47.02499031,14.90139091
134,2026-04-06T16:55:57.650161,G:\DCIM\DJI_202604061335_001_B01\DJI_20260406135539_0134_D.JPG,53,2,1,0,0,0,faixa,348.76494613,326.30691754,22.45802859,3.18758106,47.45140772,14.88633757
135,2026-04-06T16:56:00.869606,G:\DCIM\DJI_202604061335_001_B01\DJI_20260406135542_0135_D.JPG,53,2,1,0,0,0,faixa,348.77610183,331.88554237,16.89055946,3.21944499,47.94107088,14.89109801
136,2026-04-06T16:56:03.964806,G:\DCIM\DJI_202604061335_001_B01\DJI_20260406135545_0136_D.JPG,53,2,1,0,0,0,faixa,348.78616471,338.41685428,10.36931044,3.09520006,46.15293092,14.91113014
137,2026-04-06T16:56:07.124620,G:\DCIM\DJI_202604061335_001_B01\DJI_20260406135548_0137_D.JPG,53,2,1,0,0,0,faixa,348.74951749,343.02847917,5.72103832,3.15981388,47.01875700,14.88022990
138,2026-04-06T16:56:10.310797,G:\DCIM\DJI_202604061335_001_B01\DJI_20260406135552_0138_D.JPG,53,2,1,0,0,0,faixa,348.80518849,347.39191986,1.41326863,3.18617702,47.48329531,14.90290561
139,2026-04-06T16:56:13.468745,G:\DCIM\DJI_202604061335_001_B01\DJI_20260406135555_0139_D.JPG,53,2,1,0,0,0,faixa,348.76570094,348.76386806,0.00183287,3.15794802,46.97786229,14.87607207
140,2026-04-06T16:56:16.643465,G:\DCIM\DJI_202604061335_001_B01\DJI_20260406135558_0140_D.JPG,53,2,1,0,0,0,faixa,348.79692676,348.78086476,0.01606199,3.17472005,47.31780811,14.90456084
141,2026-04-06T16:56:19.776320,G:\DCIM\DJI_202604061335_001_B01\DJI_20260406135601_0141_D.JPG,53,2,1,0,0,0,faixa,348.72121970,348.77749761,0.05627790,3.13285494,46.65912304,14.89348341
142,2026-04-06T16:56:22.961678,G:\DCIM\DJI_202604061335_001_B01\DJI_20260406135604_0142_D.JPG,53,2,1,0,0,0,faixa,348.83458560,348.77172109,0.06286452,3.18535805,47.45268929,14.89712886
143,2026-04-06T16:56:26.130623,G:\DCIM\DJI_202604061335_001_B01\DJI_20260406135607_0143_D.JPG,53,2,1,0,0,0,faixa,348.82583739,348.77815640,0.04768100,3.16894507,47.30757596,14.92849351
144,2026-04-06T16:56:29.299138,G:\DCIM\DJI_202604061335_001_B01\DJI_20260406135611_0144_D.JPG,53,2,1,0,0,0,faixa,348.82751141,348.78261890,0.04489251,3.16851497,47.18334322,14.89131145
145,2026-04-06T16:56:46.565731,G:\DCIM\DJI_202604061335_001_B01\DJI_20260406135628_0145_D.JPG,53,1,1,2,0,2,faixa,323.58471121,348.78887543,25.20416423,17.26659298,222.98650682,12.91433157
146,2026-04-06T16:56:53.077962,G:\DCIM\DJI_202604061335_001_B01\DJI_20260406135634_0146_D.JPG,0,1,0,5,3,2,faixa,169.58436039,346.32831376,176.74395338,6.51223087,50.68321371,7.78277286
147,2026-04-06T16:56:56.509507,G:\DCIM\DJI_202604061335_001_B01\DJI_20260406135638_0147_D.JPG,0,1,0,4,3,1,faixa,168.72319671,345.60689495,176.88369824,3.43154502,48.37468781,14.09705761
148,2026-04-06T16:56:59.796773,G:\DCIM\DJI_202604061335_001_B01\DJI_20260406135641_0148_D.JPG,0,1,0,4,3,1,faixa,168.86370050,344.55030380,175.68660330,3.28726602,49.29834289,14.99676103
149,2026-04-06T16:57:02.848305,G:\DCIM\DJI_202604061335_001_B01\DJI_20260406135644_0149_D.JPG,0,1,0,3,3,0,faixa,168.81738763,342.37131727,173.55392964,3.05153203,45.47075169,14.90095835
150,2026-04-06T16:57:06.023665,G:\DCIM\DJI_202604061335_001_B01\DJI_20260406135647_0150_D.JPG,0,1,0,3,3,0,faixa,168.82107078,335.80230759,166.98123680,3.17535996,47.32185862,14.90283280
151,2026-04-06T16:57:08.881822,G:\DCIM\DJI_202604061335_001_B01\DJI_20260406135650_0151_D.JPG,59,1,1,3,3,0,faixa,168.79569089,246.59218631,77.79649542,2.85815716,42.57854346,14.89720163
152,2026-04-06T16:57:12.348046,G:\DCIM\DJI_202604061335_001_B01\DJI_20260406135654_0152_D.JPG,59,1,1,1,0,1,faixa,168.78105822,180.62185678,11.84079856,3.46622396,51.61030397,14.88948915
153,2026-04-06T16:57:15.241280,G:\DCIM\DJI_202604061335_001_B01\DJI_20260406135657_0153_D.JPG,59,1,1,0,0,0,faixa,168.80416796,174.91612708,6.11195912,2.89323401,43.11719250,14.90276703
154,2026-04-06T17:06:10.517474,G:\DCIM\DJI_202604061403_002_B01\DJI_20260406140552_0001_D.JPG,59,1,1,5,0,5,faixa,168.78127771,172.92272995,4.14145224,535.27619386,213.98059514,0.39975735
155,2026-04-06T17:06:17.782451,G:\DCIM\DJI_202604061403_002_B01\DJI_20260406140559_0002_D.JPG,59,1,1,2,0,2,faixa,168.59014607,171.90757073,3.31742466,7.26497698,52.46718838,7.22193457
156,2026-04-06T17:06:21.160304,G:\DCIM\DJI_202604061403_002_B01\DJI_20260406140603_0003_D.JPG,59,1,1,1,0,1,faixa,168.73115606,168.85620384,0.12504778,3.37785316,48.07461907,14.23229988
157,2026-04-06T17:06:10.517474,G:\DCIM\TESTE_FOTO BUGADA\DJI_202604061403_002_B01\DJI_20260406140552_0001_D.JPG,59,1,1,4,3,1,faixa,348.65757033,168.77088528,179.88668505,0.00000000,100.54173331,0.00000000
158,2026-04-06T17:06:17.782451,G:\DCIM\TESTE_FOTO BUGADA\DJI_202604061403_002_B01\DJI_20260406140559_0002_D.JPG,59,1,1,2,0,2,faixa,168.59014607,168.79101072,0.20086465,7.26497698,52.46718838,7.22193457
159,2026-04-06T17:06:21.160304,G:\DCIM\TESTE_FOTO BUGADA\DJI_202604061403_002_B01\DJI_20260406140603_0003_D.JPG,59,1,1,1,0,1,faixa,168.73115606,168.75681643,0.02566037,3.37785316,48.07461907,14.23229988
